Title,Company,Link
Senior Python Developer,"Payne, Roberts and Davis",https://www.realpython.com
Energy engineer,Vasquez-Davidson,https://www.realpython.com
Legal executive,"Jackson, Chambers and Levy",https://www.realpython.com
Fitness centre manager,Savage-Bradley,https://www.realpython.com
Product manager,Ramirez Inc,https://www.realpython.com
Medical technical officer,Rogers-Yates,https://www.realpython.com
Physiological scientist,Kramer-Klein,https://www.realpython.com
Textile designer,Meyers-Johnson,https://www.realpython.com
Television floor manager,Hughes-Williams,https://www.realpython.com
Waste management officer,"Jones, Williams and Villa",https://www.realpython.com
Software Engineer (Python),Garcia PLC,https://www.realpython.com
Interpreter,Gregory and Sons,https://www.realpython.com
Architect,"Clark, Garcia and Sosa",https://www.realpython.com
Meteorologist,Bush PLC,https://www.realpython.com
Audiological scientist,Salazar-Meyers,https://www.realpython.com
English as a second language teacher,"Parker, Murphy and Brooks",https://www.realpython.com
Surgeon,Cruz-Brown,https://www.realpython.com
Equities trader,Macdonald-Ferguson,https://www.realpython.com
Newspaper journalist,"Williams, Peterson and Rojas",https://www.realpython.com
Materials engineer,Smith and Sons,https://www.realpython.com
Python Programmer (Entry-Level),"Moss, Duncan and Allen",https://www.realpython.com
Product/process development scientist,Gomez-Carroll,https://www.realpython.com
"Scientist, research (maths)","Manning, Welch and Herring",https://www.realpython.com
Ecologist,"Lee, Gutierrez and Brown",https://www.realpython.com
Materials engineer,"Davis, Serrano and Cook",https://www.realpython.com
Historic buildings inspector/conservation officer,Smith LLC,https://www.realpython.com
Data scientist,Thomas Group,https://www.realpython.com
Psychiatrist,Silva-King,https://www.realpython.com
Structural engineer,Pierce-Long,https://www.realpython.com
Immigration officer,Walker-Simpson,https://www.realpython.com
Python Programmer (Entry-Level),Cooper and Sons,https://www.realpython.com
Neurosurgeon,"Donovan, Gonzalez and Figueroa",https://www.realpython.com
Broadcast engineer,"Morgan, Butler and Bennett",https://www.realpython.com
Make,Snyder-Lee,https://www.realpython.com
"Nurse, adult",Harris PLC,https://www.realpython.com
Air broker,Washington PLC,https://www.realpython.com
"Editor, film/video","Brown, Price and Campbell",https://www.realpython.com
"Production assistant, radio",Mcgee PLC,https://www.realpython.com
"Engineer, communications",Dixon Inc,https://www.realpython.com
Sales executive,"Thompson, Sheppard and Ward",https://www.realpython.com
Software Developer (Python),Adams-Brewer,https://www.realpython.com
Futures trader,Schneider-Brady,https://www.realpython.com
Tour manager,Gonzales-Frank,https://www.realpython.com
Cytogeneticist,Smith-Wong,https://www.realpython.com
"Designer, multimedia",Pierce-Herrera,https://www.realpython.com
Trade union research officer,"Aguilar, Rivera and Quinn",https://www.realpython.com
"Chemist, analytical","Lowe, Barnes and Thomas",https://www.realpython.com
"Programmer, multimedia","Lewis, Gonzalez and Vasquez",https://www.realpython.com
"Engineer, broadcasting (operations)",Taylor PLC,https://www.realpython.com
"Teacher, primary school","Oliver, Jones and Ramirez",https://www.realpython.com
Python Developer,Rivera and Sons,https://www.realpython.com
Manufacturing systems engineer,Garcia PLC,https://www.realpython.com
"Producer, television/film/video","Johnson, Wells and Kramer",https://www.realpython.com
"Scientist, forensic",Gonzalez LLC,https://www.realpython.com
Bonds trader,"Morgan, White and Macdonald",https://www.realpython.com
Editorial assistant,Robinson-Fitzpatrick,https://www.realpython.com
Photographer,"Waters, Wilson and Hoover",https://www.realpython.com
Retail banker,Hill LLC,https://www.realpython.com
Jewellery designer,Li-Gregory,https://www.realpython.com
Ophthalmologist,"Fisher, Ryan and Coleman",https://www.realpython.com
"Back-End Web Developer (Python, Django)",Stewart-Alexander,https://www.realpython.com
Licensed conveyancer,Abbott and Sons,https://www.realpython.com
Futures trader,"Bryant, Santana and Davenport",https://www.realpython.com
Counselling psychologist,Smith PLC,https://www.realpython.com
Insurance underwriter,Patterson-Singh,https://www.realpython.com
"Engineer, automotive",Martinez-Berry,https://www.realpython.com
"Producer, radio","May, Taylor and Fisher",https://www.realpython.com
Dispensing optician,"Bailey, Owen and Thompson",https://www.realpython.com
"Designer, fashion/clothing",Vasquez Ltd,https://www.realpython.com
Chartered loss adjuster,Leblanc LLC,https://www.realpython.com
"Back-End Web Developer (Python, Django)","Jackson, Ali and Mckee",https://www.realpython.com
Forest/woodland manager,"Blankenship, Knight and Powell",https://www.realpython.com
Clinical cytogeneticist,"Patton, Haynes and Jones",https://www.realpython.com
Print production planner,Wood Inc,https://www.realpython.com
Systems developer,Collins Group,https://www.realpython.com
Graphic designer,Flores-Nelson,https://www.realpython.com
Writer,"Mitchell, Jones and Olson",https://www.realpython.com
Field seismologist,Howard Group,https://www.realpython.com
Chief Strategy Officer,Kramer-Edwards,https://www.realpython.com
Air cabin crew,Berry-Houston,https://www.realpython.com
Python Programmer (Entry-Level),Mathews Inc,https://www.realpython.com
Warden/ranger,Riley-Johnson,https://www.realpython.com
Sports therapist,Spencer and Sons,https://www.realpython.com
Arts development officer,Camacho-Sanchez,https://www.realpython.com
Printmaker,Oliver and Sons,https://www.realpython.com
Health and safety adviser,Eaton PLC,https://www.realpython.com
Manufacturing systems engineer,Stanley-Frederick,https://www.realpython.com
"Programmer, applications",Bradley LLC,https://www.realpython.com
Medical physicist,"Parker, Goodwin and Zavala",https://www.realpython.com
Media planner,Kim-Miles,https://www.realpython.com
Software Developer (Python),Moreno-Rodriguez,https://www.realpython.com
"Surveyor, land/geomatics",Brown-Ortiz,https://www.realpython.com
Legal executive,Hartman PLC,https://www.realpython.com
"Librarian, academic",Brooks Inc,https://www.realpython.com
Barrister,Washington-Castillo,https://www.realpython.com
Museum/gallery exhibitions officer,"Nguyen, Yoder and Petty",https://www.realpython.com
"Radiographer, diagnostic",Holder LLC,https://www.realpython.com
Database administrator,Yates-Ferguson,https://www.realpython.com
Furniture designer,Ortega-Lawrence,https://www.realpython.com
Ship broker,"Fuentes, Walls and Castro",https://www.realpython.com
